{
    "precision": [
        1.0,
        0.5,
        1.0,
        1.0,
        1.0,
        1.0,
        0.0,
        1.0,
        1.0,
        1.0,
        0.0,
        1.0,
        1.0,
        1.0,
        1.0,
        1.0,
        1.0,
        1.0,
        1.0,
        1.0,
        1.0,
        1.0,
        1.0,
        1.0,
        1.0,
        1.0,
        0.5,
        1.0,
        1.0,
        1.0,
        0.0,
        1.0,
        1.0,
        1.0,
        1.0,
        1.0,
        0.25,
        1.0,
        1.0,
        1.0,
        1.0,
        1.0,
        1.0,
        1.0,
        1.0,
        1.0,
        1.0,
        1.0,
        1.0,
        1.0,
        1.0,
        0.5,
        0.0,
        0.5,
        1.0,
        0.0,
        1.0,
        1.0,
        1.0,
        0.5,
        0.6666666666666666,
        1.0,
        1.0,
        1.0,
        1.0,
        0.3333333333333333,
        1.0,
        0.0,
        0.5,
        1.0,
        0.6666666666666666,
        0.5,
        0.5,
        1.0,
        1.0,
        1.0,
        1.0,
        1.0,
        1.0,
        1.0,
        1.0,
        1.0,
        1.0,
        1.0,
        0.5,
        1.0,
        0.6666666666666666,
        0.6666666666666666,
        1.0,
        1.0,
        1.0,
        0.4,
        0.3333333333333333,
        1.0,
        1.0,
        1.0,
        1.0,
        1.0,
        1.0,
        0.25
    ],
    "recall": [
        0.5,
        0.5,
        1.0,
        1.0,
        0.5,
        0.5,
        0.0,
        0.5,
        0.5,
        1.0,
        0.0,
        0.5,
        1.0,
        1.0,
        0.5,
        1.0,
        1.0,
        1.0,
        1.0,
        1.0,
        0.5,
        1.0,
        0.5,
        0.5,
        1.0,
        0.5,
        0.5,
        1.0,
        0.5,
        0.5,
        0.0,
        0.5,
        0.5,
        1.0,
        1.0,
        0.5,
        0.5,
        1.0,
        1.0,
        0.5,
        0.5,
        1.0,
        1.0,
        1.0,
        0.5,
        1.0,
        1.0,
        1.0,
        1.0,
        0.5,
        1.0,
        0.5,
        0.0,
        0.5,
        1.0,
        0.0,
        1.0,
        1.0,
        1.0,
        0.5,
        1.0,
        0.5,
        1.0,
        0.5,
        0.5,
        0.5,
        1.0,
        0.0,
        0.5,
        1.0,
        1.0,
        1.0,
        0.5,
        0.5,
        1.0,
        0.5,
        1.0,
        0.5,
        1.0,
        0.5,
        1.0,
        1.0,
        1.0,
        1.0,
        0.5,
        1.0,
        1.0,
        1.0,
        1.0,
        1.0,
        0.5,
        1.0,
        0.5,
        1.0,
        1.0,
        0.5,
        0.5,
        0.5,
        1.0,
        0.5
    ],
    "f1": [
        0.6666666666666666,
        0.5,
        1.0,
        1.0,
        0.6666666666666666,
        0.6666666666666666,
        0,
        0.6666666666666666,
        0.6666666666666666,
        1.0,
        0,
        0.6666666666666666,
        1.0,
        1.0,
        0.6666666666666666,
        1.0,
        1.0,
        1.0,
        1.0,
        1.0,
        0.6666666666666666,
        1.0,
        0.6666666666666666,
        0.6666666666666666,
        1.0,
        0.6666666666666666,
        0.5,
        1.0,
        0.6666666666666666,
        0.6666666666666666,
        0,
        0.6666666666666666,
        0.6666666666666666,
        1.0,
        1.0,
        0.6666666666666666,
        0.3333333333333333,
        1.0,
        1.0,
        0.6666666666666666,
        0.6666666666666666,
        1.0,
        1.0,
        1.0,
        0.6666666666666666,
        1.0,
        1.0,
        1.0,
        1.0,
        0.6666666666666666,
        1.0,
        0.5,
        0,
        0.5,
        1.0,
        0,
        1.0,
        1.0,
        1.0,
        0.5,
        0.8,
        0.6666666666666666,
        1.0,
        0.6666666666666666,
        0.6666666666666666,
        0.4,
        1.0,
        0,
        0.5,
        1.0,
        0.8,
        0.6666666666666666,
        0.5,
        0.6666666666666666,
        1.0,
        0.6666666666666666,
        1.0,
        0.6666666666666666,
        1.0,
        0.6666666666666666,
        1.0,
        1.0,
        1.0,
        1.0,
        0.5,
        1.0,
        0.8,
        0.8,
        1.0,
        1.0,
        0.6666666666666666,
        0.5714285714285715,
        0.4,
        1.0,
        1.0,
        0.6666666666666666,
        0.6666666666666666,
        0.6666666666666666,
        1.0,
        0.3333333333333333
    ],
    "exact_match": [
        false,
        false,
        true,
        true,
        false,
        false,
        false,
        false,
        false,
        true,
        false,
        false,
        true,
        true,
        false,
        true,
        true,
        true,
        true,
        true,
        false,
        true,
        false,
        false,
        true,
        false,
        false,
        true,
        false,
        false,
        false,
        false,
        false,
        true,
        true,
        false,
        false,
        true,
        true,
        false,
        false,
        true,
        true,
        true,
        false,
        true,
        true,
        true,
        true,
        false,
        true,
        false,
        false,
        false,
        true,
        false,
        true,
        true,
        true,
        false,
        false,
        false,
        true,
        false,
        false,
        false,
        true,
        false,
        false,
        true,
        false,
        false,
        false,
        false,
        true,
        false,
        true,
        false,
        true,
        false,
        true,
        true,
        true,
        true,
        false,
        true,
        false,
        false,
        true,
        true,
        false,
        false,
        false,
        true,
        true,
        false,
        false,
        false,
        true,
        false
    ],
    "avg_precision": 0.8473333333333334,
    "avg_recall": 0.725,
    "avg_f1": 0.7557142857142856,
    "exact_matches": 45,
    "exact_match_ratio": 0.45
}