{
    "precision": [
        1.0,
        1.0,
        1.0,
        1.0,
        1.0,
        1.0,
        0.5,
        1.0,
        1.0,
        1.0,
        1.0,
        1.0,
        1.0,
        0.0,
        1.0,
        0.6666666666666666,
        1.0,
        1.0,
        1.0,
        1.0,
        1.0,
        1.0,
        1.0,
        1.0,
        1.0,
        1.0,
        1.0,
        1.0,
        1.0,
        1.0,
        0.0,
        0.5,
        1.0,
        1.0,
        1.0,
        1.0,
        1.0,
        1.0,
        1.0,
        1.0,
        0.5,
        1.0,
        1.0,
        1.0,
        1.0,
        1.0,
        0.5,
        1.0,
        1.0,
        1.0,
        1.0,
        1.0,
        0.0,
        1.0,
        1.0,
        0.0,
        1.0,
        1.0,
        1.0,
        1.0,
        1.0,
        1.0,
        1.0,
        1.0,
        1.0,
        0.5,
        1.0,
        0.0,
        0.5,
        1.0,
        1.0,
        1.0,
        1.0,
        1.0,
        1.0,
        0.6666666666666666,
        1.0,
        1.0,
        1.0,
        0.0,
        1.0,
        1.0,
        1.0,
        0.6666666666666666,
        0.6666666666666666,
        1.0,
        1.0,
        1.0,
        1.0,
        1.0,
        1.0,
        0.3333333333333333,
        0.0,
        1.0,
        1.0,
        1.0,
        1.0,
        1.0,
        1.0,
        1.0
    ],
    "recall": [
        1.0,
        0.5,
        1.0,
        1.0,
        0.5,
        1.0,
        0.5,
        1.0,
        1.0,
        0.5,
        0.5,
        0.5,
        0.5,
        0.0,
        1.0,
        1.0,
        1.0,
        0.5,
        0.5,
        1.0,
        0.5,
        0.5,
        0.5,
        0.5,
        0.5,
        0.5,
        0.5,
        1.0,
        1.0,
        1.0,
        0.0,
        0.5,
        0.5,
        0.5,
        1.0,
        1.0,
        0.5,
        1.0,
        0.5,
        1.0,
        0.5,
        0.5,
        1.0,
        1.0,
        1.0,
        0.5,
        0.5,
        1.0,
        1.0,
        0.5,
        0.5,
        0.5,
        0.0,
        0.5,
        1.0,
        0.0,
        0.5,
        1.0,
        1.0,
        0.5,
        0.5,
        0.5,
        1.0,
        0.5,
        0.5,
        0.5,
        1.0,
        0.0,
        0.5,
        1.0,
        0.5,
        0.5,
        1.0,
        1.0,
        1.0,
        1.0,
        1.0,
        0.5,
        1.0,
        0.0,
        1.0,
        0.5,
        1.0,
        1.0,
        1.0,
        1.0,
        0.5,
        1.0,
        1.0,
        1.0,
        1.0,
        0.5,
        0.0,
        1.0,
        1.0,
        0.5,
        0.5,
        1.0,
        1.0,
        0.5
    ],
    "f1": [
        1.0,
        0.6666666666666666,
        1.0,
        1.0,
        0.6666666666666666,
        1.0,
        0.5,
        1.0,
        1.0,
        0.6666666666666666,
        0.6666666666666666,
        0.6666666666666666,
        0.6666666666666666,
        0,
        1.0,
        0.8,
        1.0,
        0.6666666666666666,
        0.6666666666666666,
        1.0,
        0.6666666666666666,
        0.6666666666666666,
        0.6666666666666666,
        0.6666666666666666,
        0.6666666666666666,
        0.6666666666666666,
        0.6666666666666666,
        1.0,
        1.0,
        1.0,
        0,
        0.5,
        0.6666666666666666,
        0.6666666666666666,
        1.0,
        1.0,
        0.6666666666666666,
        1.0,
        0.6666666666666666,
        1.0,
        0.5,
        0.6666666666666666,
        1.0,
        1.0,
        1.0,
        0.6666666666666666,
        0.5,
        1.0,
        1.0,
        0.6666666666666666,
        0.6666666666666666,
        0.6666666666666666,
        0,
        0.6666666666666666,
        1.0,
        0,
        0.6666666666666666,
        1.0,
        1.0,
        0.6666666666666666,
        0.6666666666666666,
        0.6666666666666666,
        1.0,
        0.6666666666666666,
        0.6666666666666666,
        0.5,
        1.0,
        0,
        0.5,
        1.0,
        0.6666666666666666,
        0.6666666666666666,
        1.0,
        1.0,
        1.0,
        0.8,
        1.0,
        0.6666666666666666,
        1.0,
        0,
        1.0,
        0.6666666666666666,
        1.0,
        0.8,
        0.8,
        1.0,
        0.6666666666666666,
        1.0,
        1.0,
        1.0,
        1.0,
        0.4,
        0,
        1.0,
        1.0,
        0.6666666666666666,
        0.6666666666666666,
        1.0,
        1.0,
        0.6666666666666666
    ],
    "exact_match": [
        true,
        false,
        true,
        true,
        false,
        true,
        false,
        true,
        true,
        false,
        false,
        false,
        false,
        false,
        true,
        false,
        true,
        false,
        false,
        true,
        false,
        false,
        false,
        false,
        false,
        false,
        false,
        true,
        true,
        true,
        false,
        false,
        false,
        false,
        true,
        true,
        false,
        true,
        false,
        true,
        false,
        false,
        true,
        true,
        true,
        false,
        false,
        true,
        true,
        false,
        false,
        false,
        false,
        false,
        true,
        false,
        false,
        true,
        true,
        false,
        false,
        false,
        true,
        false,
        false,
        false,
        true,
        false,
        false,
        true,
        false,
        false,
        true,
        true,
        true,
        false,
        true,
        false,
        true,
        false,
        true,
        false,
        true,
        false,
        false,
        true,
        false,
        true,
        true,
        true,
        true,
        false,
        false,
        true,
        true,
        false,
        false,
        true,
        true,
        false
    ],
    "avg_precision": 0.88,
    "avg_recall": 0.7,
    "avg_f1": 0.7559999999999999,
    "exact_matches": 43,
    "exact_match_ratio": 0.43
}