{
    "precision": [
        1.0,
        0.5,
        1.0,
        1.0,
        1.0,
        1.0,
        0.3333333333333333,
        0.6666666666666666,
        1.0,
        1.0,
        1.0,
        1.0,
        1.0,
        1.0,
        1.0,
        0.6666666666666666,
        1.0,
        1.0,
        1.0,
        1.0,
        0.5,
        1.0,
        1.0,
        1.0,
        1.0,
        0.6666666666666666,
        0.5,
        1.0,
        0.6666666666666666,
        1.0,
        1.0,
        0.6666666666666666,
        1.0,
        1.0,
        1.0,
        1.0,
        1.0,
        1.0,
        1.0,
        1.0,
        0.0,
        0.5,
        1.0,
        1.0,
        1.0,
        1.0,
        1.0,
        0.4,
        1.0,
        1.0,
        1.0,
        0.5,
        0.5,
        1.0,
        1.0,
        0.0,
        1.0,
        1.0,
        1.0,
        0.5,
        1.0,
        1.0,
        0.5,
        1.0,
        1.0,
        0.3333333333333333,
        1.0,
        0.6666666666666666,
        1.0,
        1.0,
        0.6666666666666666,
        0.5,
        0.3333333333333333,
        1.0,
        0.6666666666666666,
        1.0,
        1.0,
        0.6666666666666666,
        1.0,
        0.0,
        1.0,
        1.0,
        1.0,
        1.0,
        0.5,
        1.0,
        0.6666666666666666,
        0.6666666666666666,
        1.0,
        1.0,
        1.0,
        0.5,
        1.0,
        1.0,
        1.0,
        1.0,
        1.0,
        1.0,
        1.0,
        1.0
    ],
    "recall": [
        1.0,
        0.5,
        1.0,
        1.0,
        0.5,
        0.5,
        0.5,
        1.0,
        0.5,
        1.0,
        0.5,
        1.0,
        1.0,
        1.0,
        0.5,
        1.0,
        1.0,
        1.0,
        1.0,
        1.0,
        1.0,
        1.0,
        0.5,
        0.5,
        0.5,
        1.0,
        0.5,
        1.0,
        1.0,
        1.0,
        0.5,
        1.0,
        0.5,
        1.0,
        1.0,
        1.0,
        1.0,
        1.0,
        1.0,
        1.0,
        0.0,
        0.5,
        1.0,
        1.0,
        0.5,
        1.0,
        1.0,
        1.0,
        1.0,
        0.5,
        1.0,
        0.5,
        1.0,
        0.5,
        1.0,
        0.0,
        1.0,
        1.0,
        1.0,
        0.5,
        0.5,
        0.5,
        0.5,
        0.5,
        0.5,
        0.5,
        1.0,
        1.0,
        1.0,
        1.0,
        1.0,
        0.5,
        0.5,
        1.0,
        1.0,
        0.5,
        1.0,
        1.0,
        0.5,
        0.0,
        1.0,
        1.0,
        1.0,
        1.0,
        0.5,
        1.0,
        1.0,
        1.0,
        1.0,
        1.0,
        1.0,
        1.0,
        0.5,
        1.0,
        1.0,
        0.5,
        1.0,
        1.0,
        1.0,
        0.5
    ],
    "f1": [
        1.0,
        0.5,
        1.0,
        1.0,
        0.6666666666666666,
        0.6666666666666666,
        0.4,
        0.8,
        0.6666666666666666,
        1.0,
        0.6666666666666666,
        1.0,
        1.0,
        1.0,
        0.6666666666666666,
        0.8,
        1.0,
        1.0,
        1.0,
        1.0,
        0.6666666666666666,
        1.0,
        0.6666666666666666,
        0.6666666666666666,
        0.6666666666666666,
        0.8,
        0.5,
        1.0,
        0.8,
        1.0,
        0.6666666666666666,
        0.8,
        0.6666666666666666,
        1.0,
        1.0,
        1.0,
        1.0,
        1.0,
        1.0,
        1.0,
        0,
        0.5,
        1.0,
        1.0,
        0.6666666666666666,
        1.0,
        1.0,
        0.5714285714285715,
        1.0,
        0.6666666666666666,
        1.0,
        0.5,
        0.6666666666666666,
        0.6666666666666666,
        1.0,
        0,
        1.0,
        1.0,
        1.0,
        0.5,
        0.6666666666666666,
        0.6666666666666666,
        0.5,
        0.6666666666666666,
        0.6666666666666666,
        0.4,
        1.0,
        0.8,
        1.0,
        1.0,
        0.8,
        0.5,
        0.4,
        1.0,
        0.8,
        0.6666666666666666,
        1.0,
        0.8,
        0.6666666666666666,
        0,
        1.0,
        1.0,
        1.0,
        1.0,
        0.5,
        1.0,
        0.8,
        0.8,
        1.0,
        1.0,
        1.0,
        0.6666666666666666,
        0.6666666666666666,
        1.0,
        1.0,
        0.6666666666666666,
        1.0,
        1.0,
        1.0,
        0.6666666666666666
    ],
    "exact_match": [
        true,
        false,
        true,
        true,
        false,
        false,
        false,
        false,
        false,
        true,
        false,
        true,
        true,
        true,
        false,
        false,
        true,
        true,
        true,
        true,
        false,
        true,
        false,
        false,
        false,
        false,
        false,
        true,
        false,
        true,
        false,
        false,
        false,
        true,
        true,
        true,
        true,
        true,
        true,
        true,
        false,
        false,
        true,
        true,
        false,
        true,
        true,
        false,
        true,
        false,
        true,
        false,
        false,
        false,
        true,
        false,
        true,
        true,
        true,
        false,
        false,
        false,
        false,
        false,
        false,
        false,
        true,
        false,
        true,
        true,
        false,
        false,
        false,
        true,
        false,
        false,
        true,
        false,
        false,
        false,
        true,
        true,
        true,
        true,
        false,
        true,
        false,
        false,
        true,
        true,
        true,
        false,
        false,
        true,
        true,
        false,
        true,
        true,
        true,
        false
    ],
    "avg_precision": 0.8523333333333335,
    "avg_recall": 0.805,
    "avg_f1": 0.8023809523809523,
    "exact_matches": 49,
    "exact_match_ratio": 0.49
}