{
    "precision": [
        1.0,
        0.0,
        1.0,
        1.0,
        1.0,
        1.0,
        0.0,
        1.0,
        1.0,
        1.0,
        0.0,
        1.0,
        1.0,
        1.0,
        1.0,
        1.0,
        1.0,
        1.0,
        1.0,
        1.0,
        1.0,
        1.0,
        1.0,
        1.0,
        1.0,
        1.0,
        0.5,
        1.0,
        0.0,
        1.0,
        0.3333333333333333,
        1.0,
        1.0,
        1.0,
        1.0,
        1.0,
        0.6666666666666666,
        1.0,
        1.0,
        1.0,
        1.0,
        0.6666666666666666,
        1.0,
        1.0,
        1.0,
        1.0,
        1.0,
        1.0,
        1.0,
        1.0,
        1.0,
        0.0,
        0.0,
        1.0,
        1.0,
        0.0,
        1.0,
        1.0,
        1.0,
        0.0,
        1.0,
        1.0,
        1.0,
        1.0,
        1.0,
        0.6666666666666666,
        1.0,
        0.0,
        0.5,
        1.0,
        0.6666666666666666,
        0.5,
        0.6666666666666666,
        1.0,
        0.6666666666666666,
        1.0,
        1.0,
        1.0,
        1.0,
        0.0,
        1.0,
        1.0,
        1.0,
        1.0,
        1.0,
        1.0,
        0.6666666666666666,
        0.6666666666666666,
        1.0,
        1.0,
        1.0,
        0.0,
        0.0,
        1.0,
        1.0,
        1.0,
        1.0,
        1.0,
        1.0,
        0.5
    ],
    "recall": [
        0.5,
        0.0,
        0.5,
        0.5,
        0.5,
        0.5,
        0.0,
        0.5,
        0.5,
        0.5,
        0.0,
        0.5,
        0.5,
        1.0,
        0.5,
        1.0,
        1.0,
        0.5,
        0.5,
        1.0,
        0.5,
        0.5,
        0.5,
        0.5,
        1.0,
        1.0,
        0.5,
        1.0,
        0.0,
        0.5,
        0.5,
        0.5,
        0.5,
        0.5,
        1.0,
        1.0,
        1.0,
        1.0,
        0.5,
        0.5,
        0.5,
        1.0,
        1.0,
        1.0,
        0.5,
        1.0,
        0.5,
        0.5,
        1.0,
        0.5,
        0.5,
        0.0,
        0.0,
        0.5,
        0.5,
        0.0,
        1.0,
        0.5,
        1.0,
        0.0,
        0.5,
        0.5,
        0.5,
        0.5,
        0.5,
        1.0,
        1.0,
        0.0,
        0.5,
        0.5,
        1.0,
        0.5,
        1.0,
        0.5,
        1.0,
        1.0,
        0.5,
        0.5,
        0.5,
        0.0,
        1.0,
        0.5,
        1.0,
        1.0,
        0.5,
        0.5,
        1.0,
        1.0,
        1.0,
        1.0,
        1.0,
        0.0,
        0.0,
        0.5,
        0.5,
        0.5,
        0.5,
        0.5,
        1.0,
        0.5
    ],
    "f1": [
        0.6666666666666666,
        0,
        0.6666666666666666,
        0.6666666666666666,
        0.6666666666666666,
        0.6666666666666666,
        0,
        0.6666666666666666,
        0.6666666666666666,
        0.6666666666666666,
        0,
        0.6666666666666666,
        0.6666666666666666,
        1.0,
        0.6666666666666666,
        1.0,
        1.0,
        0.6666666666666666,
        0.6666666666666666,
        1.0,
        0.6666666666666666,
        0.6666666666666666,
        0.6666666666666666,
        0.6666666666666666,
        1.0,
        1.0,
        0.5,
        1.0,
        0,
        0.6666666666666666,
        0.4,
        0.6666666666666666,
        0.6666666666666666,
        0.6666666666666666,
        1.0,
        1.0,
        0.8,
        1.0,
        0.6666666666666666,
        0.6666666666666666,
        0.6666666666666666,
        0.8,
        1.0,
        1.0,
        0.6666666666666666,
        1.0,
        0.6666666666666666,
        0.6666666666666666,
        1.0,
        0.6666666666666666,
        0.6666666666666666,
        0,
        0,
        0.6666666666666666,
        0.6666666666666666,
        0,
        1.0,
        0.6666666666666666,
        1.0,
        0,
        0.6666666666666666,
        0.6666666666666666,
        0.6666666666666666,
        0.6666666666666666,
        0.6666666666666666,
        0.8,
        1.0,
        0,
        0.5,
        0.6666666666666666,
        0.8,
        0.5,
        0.8,
        0.6666666666666666,
        0.8,
        1.0,
        0.6666666666666666,
        0.6666666666666666,
        0.6666666666666666,
        0,
        1.0,
        0.6666666666666666,
        1.0,
        1.0,
        0.6666666666666666,
        0.6666666666666666,
        0.8,
        0.8,
        1.0,
        1.0,
        1.0,
        0,
        0,
        0.6666666666666666,
        0.6666666666666666,
        0.6666666666666666,
        0.6666666666666666,
        0.6666666666666666,
        1.0,
        0.5
    ],
    "exact_match": [
        false,
        false,
        false,
        false,
        false,
        false,
        false,
        false,
        false,
        false,
        false,
        false,
        false,
        true,
        false,
        true,
        true,
        false,
        false,
        true,
        false,
        false,
        false,
        false,
        true,
        true,
        false,
        true,
        false,
        false,
        false,
        false,
        false,
        false,
        true,
        true,
        false,
        true,
        false,
        false,
        false,
        false,
        true,
        true,
        false,
        true,
        false,
        false,
        true,
        false,
        false,
        false,
        false,
        false,
        false,
        false,
        true,
        false,
        true,
        false,
        false,
        false,
        false,
        false,
        false,
        false,
        true,
        false,
        false,
        false,
        false,
        false,
        false,
        false,
        false,
        true,
        false,
        false,
        false,
        false,
        true,
        false,
        true,
        true,
        false,
        false,
        false,
        false,
        true,
        true,
        true,
        false,
        false,
        false,
        false,
        false,
        false,
        false,
        true,
        false
    ],
    "avg_precision": 0.8266666666666665,
    "avg_recall": 0.605,
    "avg_f1": 0.6713333333333328,
    "exact_matches": 25,
    "exact_match_ratio": 0.25
}